id,year,college,subject
0,2000,センター試験,地理
1,2000,一橋大学,地理
2,2000,京都大学,地理
3,2000,北海道大学,地理
4,2000,名古屋大学,地理
5,2000,慶應義塾大学,地理
6,2000,早稲田大学,地理
7,2000,東京大学,地理
8,2001,センター試験,地理
9,2001,一橋大学,地理
10,2001,京都大学,地理
11,2001,北海道大学,地理
12,2001,大阪大学,地理
13,2001,慶應義塾大学,地理
14,2001,新潟大学,地理
15,2001,早稲田大学,地理
16,2001,東京大学,地理
17,2001,筑波大学,地理
18,2002,センター試験,公民
19,2002,一橋大学,地理
20,2002,京都大学,地理
21,2002,北海道大学,地理
22,2002,名古屋大学,地理
23,2002,大阪大学,地理
24,2002,慶應義塾大学,地理
25,2002,早稲田大学,公民
26,2002,早稲田大学,地理
27,2002,東京大学,地理
28,2002,東京都立大学,地理
29,2002,筑波大学,地理
30,2003,センター試験,公民
31,2003,一橋大学,公民
32,2003,一橋大学,地理
33,2003,中央大学,公民
34,2003,京都大学,地理
35,2003,北海道大学,地理
36,2003,埼玉大学,公民
37,2003,埼玉大学,地理
38,2003,大阪大学,地理
39,2003,慶應義塾大学,地理
40,2003,新潟大学,地理
41,2003,早稲田大学,公民
42,2003,明治大学,公民
43,2003,明治大学,地理
44,2003,東京大学,地理
45,2003,東京都立大学,地理
46,2003,筑波大学,公民
47,2003,筑波大学,地理
48,2003,青山学院大学,公民
49,2004,センター試験,公民
50,2004,センター試験,地理
51,2004,一橋大学,公民
52,2004,京都大学,地理
53,2004,北海道大学,地理
54,2004,名古屋大学,地理
55,2004,埼玉大学,公民
56,2004,埼玉大学,地理
57,2004,大阪大学,地理
58,2004,慶應義塾大学,地理
59,2004,早稲田大学,公民
60,2004,早稲田大学,地理
61,2004,明治大学,公民
62,2004,明治大学,地理
63,2004,東京大学,地理
64,2004,筑波大学,地理
65,2005,センター試験,公民
66,2005,センター試験,地理
67,2005,一橋大学,地理
68,2005,中央大学,公民
69,2005,京都大学,地理
70,2005,北海道大学,地理
71,2005,同志社大学,公民
72,2005,名古屋大学,地理
73,2005,埼玉大学,公民
74,2005,埼玉大学,地理
75,2005,慶應義塾大学,地理
76,2005,新潟大学,地理
77,2005,早稲田大学,公民
78,2005,早稲田大学,地理
79,2005,明治大学,公民
80,2005,明治大学,地理
81,2005,東京大学,地理
82,2005,筑波大学,公民
83,2005,筑波大学,地理
84,2006,センター試験,公民
85,2006,センター試験,地理
86,2006,一橋大学,公民
87,2006,一橋大学,地理
88,2006,京都大学,地理
89,2006,北海道大学,地理
90,2006,同志社大学,公民
91,2006,名古屋大学,地理
92,2006,埼玉大学,公民
93,2006,大阪大学,地理
94,2006,慶應義塾大学,地理
95,2006,新潟大学,地理
96,2006,早稲田大学,公民
97,2006,早稲田大学,地理
98,2006,明治大学,公民
99,2006,明治大学,地理
100,2006,東京大学,地理
101,2006,筑波大学,公民
102,2006,筑波大学,地理
103,2007,センター試験,公民
104,2007,センター試験,地理
105,2007,一橋大学,地理
106,2007,中京大学,地理
107,2007,中央大学,公民
108,2007,京都大学,地理
109,2007,北海学園大学,地理
110,2007,同志社大学,公民
111,2007,名城大学,地理
112,2007,和歌山大学,地理
113,2007,國學院大学,公民
114,2007,大阪大学,地理
115,2007,学習院大学,公民
116,2007,広島修道大学,地理
117,2007,慶應義塾大学,地理
118,2007,成城大学,公民
119,2007,成城大学,地理
120,2007,新潟大学,地理
121,2007,日本大学,公民
122,2007,日本大学,地理
123,2007,早稲田大学,公民
124,2007,早稲田大学,地理
125,2007,明治大学,公民
126,2007,明治大学,地理
127,2007,東京大学,地理
128,2007,東京学芸大学,公民
129,2007,東京経済大学,地理
130,2007,東洋大学,公民
131,2007,東海大学,公民
132,2007,武蔵大学,公民
133,2007,獨協大学,地理
134,2007,神奈川大学,公民
135,2007,立正大学,公民
136,2007,筑波大学,公民
137,2007,筑波大学,地理
138,2007,近畿大学,地理
139,2007,長崎大学,公民
140,2007,防衛大学校,公民
141,2007,防衛大学校,地理
142,2007,青山学院大学,公民
143,2007,駒澤大学,公民
144,2008,センター試験,公民
145,2008,一橋大学,公民
146,2008,一橋大学,地理
147,2008,中京大学,公民
148,2008,中京大学,地理
149,2008,九州産業大学,公民
150,2008,九州産業大学,地理
151,2008,京都大学,地理
152,2008,京都産業大学,公民
153,2008,佛教大学,公民
154,2008,創価大学,公民
155,2008,北海学園大学,公民
156,2008,北海学園大学,地理
157,2008,北海道大学,地理
158,2008,同志社大学,公民
159,2008,名古屋大学,地理
160,2008,名城大学,公民
161,2008,名城大学,地理
162,2008,和歌山大学,地理
163,2008,國學院大学,公民
164,2008,國學院大学,地理
165,2008,大妻女子大学,公民
166,2008,大東文化大学,公民
167,2008,大東文化大学,地理
168,2008,大阪大学,地理
169,2008,学習院大学,公民
170,2008,学習院大学,地理
171,2008,帝京大学,公民
172,2008,帝京大学,地理
173,2008,広島修道大学,公民
174,2008,広島修道大学,地理
175,2008,愛知教育大学,公民
176,2008,愛知教育大学,地理
177,2008,慶應義塾大学,地理
178,2008,成城大学,公民
179,2008,成城大学,地理
180,2008,成蹊大学,公民
181,2008,成蹊大学,地理
182,2008,新潟大学,地理
183,2008,日本大学,公民
184,2008,日本女子大学,地理
185,2008,早稲田大学,公民
186,2008,明治大学,公民
187,2008,明治大学,地理
188,2008,明治学院大学,公民
189,2008,明治学院大学,地理
190,2008,東京大学,地理
191,2008,東京学芸大学,公民
192,2008,東京学芸大学,地理
193,2008,東京経済大学,公民
194,2008,東京経済大学,地理
195,2008,東京農業大学,公民
196,2008,東京農業大学,地理
197,2008,東北学院大学,公民
198,2008,東洋大学,公民
199,2008,東洋大学,地理
200,2008,東海大学,公民
201,2008,東海大学,地理
202,2008,武蔵大学,公民
203,2008,獨協大学,公民
204,2008,獨協大学,地理
205,2008,神奈川大学,公民
206,2008,神奈川大学,地理
207,2008,福井大学,公民
208,2008,福岡大学,公民
209,2008,福岡大学,地理
210,2008,立正大学,公民
211,2008,立正大学,地理
212,2008,筑波大学,公民
213,2008,筑波大学,地理
214,2008,近畿大学,公民
215,2008,関西大学,公民
216,2008,関西大学,地理
217,2008,関西学院大学,地理
218,2008,防衛大学校,公民
219,2008,防衛大学校,地理
220,2008,青山学院大学,公民
221,2008,駒澤大学,公民
222,2008,駒澤大学,地理
223,2008,高崎経済大学,公民
224,2008,高崎経済大学,地理
225,2008,麻布大学,公民
226,2008,麻布大学,地理
227,2009,センター試験,公民
228,2009,センター試験,地理
229,2009,センター試験,日本史
230,2009,上智大学,世界史
231,2009,上智大学,日本史
232,2009,中京大学,世界史
233,2009,中京大学,公民
234,2009,中央大学,世界史
235,2009,中央大学,公民
236,2009,中央大学,日本史
237,2009,九州産業大学,世界史
238,2009,九州産業大学,公民
239,2009,九州産業大学,地理
240,2009,京都大学,地理
241,2009,京都大学,日本史
242,2009,京都女子大学,世界史
243,2009,京都女子大学,日本史
244,2009,京都府立大学,世界史
245,2009,京都産業大学,世界史
246,2009,京都産業大学,公民
247,2009,京都産業大学,日本史
248,2009,佛教大学,世界史
249,2009,佛教大学,公民
250,2009,佛教大学,日本史
251,2009,兵庫県立大学,地理
252,2009,創価大学,世界史
253,2009,創価大学,公民
254,2009,創価大学,日本史
255,2009,北海学園大学,世界史
256,2009,北海学園大学,公民
257,2009,北海学園大学,地理
258,2009,北海学園大学,日本史
259,2009,北海道大学,世界史
260,2009,北海道大学,日本史
261,2009,千葉大学,日本史
262,2009,南山大学,世界史
263,2009,南山大学,日本史
264,2009,同志社大学,世界史
265,2009,同志社大学,公民
266,2009,同志社大学,日本史
267,2009,名古屋大学,世界史
268,2009,名古屋大学,地理
269,2009,名古屋大学,日本史
270,2009,名城大学,世界史
271,2009,名城大学,公民
272,2009,名城大学,地理
273,2009,名城大学,日本史
274,2009,和歌山大学,世界史
275,2009,和歌山大学,地理
276,2009,和歌山大学,日本史
277,2009,國學院大学,世界史
278,2009,國學院大学,公民
279,2009,國學院大学,地理
280,2009,大東文化大学,世界史
281,2009,大東文化大学,公民
282,2009,大東文化大学,地理
283,2009,大東文化大学,日本史
284,2009,大阪大学,日本史
285,2009,学習院大学,世界史
286,2009,学習院大学,公民
287,2009,学習院大学,地理
288,2009,学習院大学,日本史
289,2009,帝京大学,世界史
290,2009,帝京大学,公民
291,2009,帝京大学,日本史
292,2009,広島修道大学,公民
293,2009,広島修道大学,地理
294,2009,広島修道大学,日本史
295,2009,愛知教育大学,公民
296,2009,愛知教育大学,地理
297,2009,愛知教育大学,日本史
298,2009,慶應義塾大学,世界史
299,2009,慶應義塾大学,地理
300,2009,慶應義塾大学,日本史
301,2009,成城大学,世界史
302,2009,成城大学,公民
303,2009,成城大学,地理
304,2009,成城大学,日本史
305,2009,成蹊大学,世界史
306,2009,成蹊大学,公民
307,2009,成蹊大学,地理
308,2009,成蹊大学,日本史
309,2009,新潟大学,世界史
310,2009,新潟大学,日本史
311,2009,日本大学,世界史
312,2009,日本大学,公民
313,2009,日本大学,地理
314,2009,日本大学,日本史
315,2009,日本女子大学,世界史
316,2009,日本女子大学,地理
317,2009,日本女子大学,日本史
318,2009,早稲田大学,世界史
319,2009,早稲田大学,公民
320,2009,早稲田大学,日本史
321,2009,明治大学,世界史
322,2009,明治大学,公民
323,2009,明治大学,地理
324,2009,明治大学,日本史
325,2009,昭和女子大学,世界史
326,2009,昭和女子大学,日本史
327,2009,東京大学,世界史
328,2009,東京大学,地理
329,2009,東京女子大学,世界史
330,2009,東京女子大学,日本史
331,2009,東京学芸大学,世界史
332,2009,東京学芸大学,公民
333,2009,東京学芸大学,地理
334,2009,東京学芸大学,日本史
335,2009,東京経済大学,世界史
336,2009,東京経済大学,公民
337,2009,東京経済大学,地理
338,2009,東京経済大学,日本史
339,2009,東京農業大学,世界史
340,2009,東京農業大学,公民
341,2009,東京農業大学,地理
342,2009,東北学院大学,世界史
343,2009,東北学院大学,公民
344,2009,東北学院大学,日本史
345,2009,東洋大学,世界史
346,2009,東洋大学,公民
347,2009,東洋大学,地理
348,2009,東海大学,世界史
349,2009,東海大学,公民
350,2009,東海大学,地理
351,2009,東海大学,日本史
352,2009,武庫川女子大学,世界史
353,2009,武庫川女子大学,日本史
354,2009,武蔵大学,世界史
355,2009,武蔵大学,公民
356,2009,武蔵大学,日本史
357,2009,法政大学,世界史
358,2009,法政大学,日本史
359,2009,津田塾大学,世界史
360,2009,津田塾大学,日本史
361,2009,獨協大学,世界史
362,2009,獨協大学,公民
363,2009,獨協大学,地理
364,2009,獨協大学,日本史
365,2009,甲南大学,世界史
366,2009,甲南大学,日本史
367,2009,神奈川大学,世界史
368,2009,神奈川大学,公民
369,2009,神奈川大学,地理
370,2009,神戸学院大学,世界史
371,2009,神戸学院大学,日本史
372,2009,福井大学,公民
373,2009,立命館大学,世界史
374,2009,立教大学,世界史
375,2009,立教大学,日本史
376,2009,立正大学,世界史
377,2009,立正大学,公民
378,2009,立正大学,地理
379,2009,立正大学,日本史
380,2009,筑波大学,地理
381,2009,西南学院大学,世界史
382,2009,西南学院大学,日本史
383,2009,近畿大学,公民
384,2009,近畿大学,日本史
385,2009,酪農学園大学,公民
386,2009,酪農学園大学,地理
387,2009,関西大学,世界史
388,2009,関西大学,公民
389,2009,関西大学,地理
390,2009,関西大学,日本史
391,2009,関西学院大学,世界史
392,2009,関西学院大学,地理
393,2009,関西学院大学,日本史
394,2009,駒澤大学,世界史
395,2009,駒澤大学,公民
396,2009,駒澤大学,地理
397,2009,駒澤大学,日本史
398,2009,高崎経済大学,世界史
399,2009,高崎経済大学,公民
400,2009,高崎経済大学,地理
401,2009,高崎経済大学,日本史
402,2009,麻布大学,公民
403,2009,麻布大学,地理
404,2009,麻布大学,日本史
405,2009,龍谷大学,世界史
406,2009,龍谷大学,日本史
407,2010,センター試験,世界史
408,2010,センター試験,公民
409,2010,センター試験,地理
410,2010,センター試験,日本史
411,2010,一橋大学,公民
412,2010,上智大学,世界史
413,2010,上智大学,日本史
414,2010,中京大学,世界史
415,2010,中京大学,公民
416,2010,中京大学,日本史
417,2010,中央大学,世界史
418,2010,中央大学,公民
419,2010,中央大学,日本史
420,2010,九州産業大学,世界史
421,2010,九州産業大学,公民
422,2010,九州産業大学,地理
423,2010,京都大学,地理
424,2010,京都大学,日本史
425,2010,京都女子大学,世界史
426,2010,京都女子大学,日本史
427,2010,京都府立大学,世界史
428,2010,京都府立大学,日本史
429,2010,京都産業大学,世界史
430,2010,京都産業大学,公民
431,2010,京都産業大学,日本史
432,2010,佛教大学,世界史
433,2010,佛教大学,公民
434,2010,佛教大学,日本史
435,2010,北海学園大学,世界史
436,2010,北海学園大学,公民
437,2010,北海学園大学,地理
438,2010,北海学園大学,日本史
439,2010,北海道大学,世界史
440,2010,北海道大学,日本史
441,2010,千葉大学,日本史
442,2010,南山大学,世界史
443,2010,南山大学,日本史
444,2010,同志社大学,世界史
445,2010,同志社大学,公民
446,2010,同志社大学,日本史
447,2010,名古屋大学,世界史
448,2010,名城大学,世界史
449,2010,名城大学,公民
450,2010,名城大学,地理
451,2010,名城大学,日本史
452,2010,和歌山大学,世界史
453,2010,和歌山大学,地理
454,2010,和歌山大学,日本史
455,2010,國學院大学,世界史
456,2010,國學院大学,公民
457,2010,國學院大学,地理
458,2010,國學院大学,日本史
459,2010,大東文化大学,世界史
460,2010,大東文化大学,公民
461,2010,大東文化大学,地理
462,2010,大東文化大学,日本史
463,2010,大阪大学,地理
464,2010,学習院大学,世界史
465,2010,学習院大学,公民
466,2010,学習院大学,地理
467,2010,学習院大学,日本史
468,2010,広島修道大学,公民
469,2010,広島修道大学,地理
470,2010,広島修道大学,日本史
471,2010,愛知教育大学,世界史
472,2010,愛知教育大学,公民
473,2010,慶應義塾大学,世界史
474,2010,慶應義塾大学,日本史
475,2010,成城大学,世界史
476,2010,成城大学,公民
477,2010,成城大学,地理
478,2010,成城大学,日本史
479,2010,成蹊大学,世界史
480,2010,成蹊大学,公民
481,2010,成蹊大学,日本史
482,2010,新潟大学,世界史
483,2010,日本大学,世界史
484,2010,日本大学,公民
485,2010,日本大学,日本史
486,2010,日本女子大学,世界史
487,2010,日本女子大学,地理
488,2010,日本女子大学,日本史
489,2010,早稲田大学,世界史
490,2010,早稲田大学,公民
491,2010,早稲田大学,日本史
492,2010,明治大学,世界史
493,2010,明治大学,公民
494,2010,明治大学,地理
495,2010,明治大学,日本史
496,2010,明治学院大学,世界史
497,2010,明治学院大学,公民
498,2010,明治学院大学,地理
499,2010,明治学院大学,日本史
500,2010,昭和女子大学,世界史
501,2010,昭和女子大学,日本史
502,2010,東京大学,世界史
503,2010,東京大学,地理
504,2010,東京女子大学,世界史
505,2010,東京女子大学,日本史
506,2010,東京学芸大学,公民
507,2010,東京経済大学,世界史
508,2010,東京経済大学,公民
509,2010,東京経済大学,地理
510,2010,東京経済大学,日本史
511,2010,東京農業大学,世界史
512,2010,東京農業大学,公民
513,2010,東京農業大学,地理
514,2010,東京農業大学,日本史
515,2010,東北学院大学,世界史
516,2010,東北学院大学,公民
517,2010,東北学院大学,日本史
518,2010,東洋大学,世界史
519,2010,東洋大学,公民
520,2010,東洋大学,地理
521,2010,東洋大学,日本史
522,2010,東海大学,世界史
523,2010,東海大学,公民
524,2010,東海大学,地理
525,2010,東海大学,日本史
526,2010,武庫川女子大学,世界史
527,2010,武庫川女子大学,日本史
528,2010,武蔵大学,世界史
529,2010,武蔵大学,公民
530,2010,武蔵大学,日本史
531,2010,法政大学,世界史
532,2010,法政大学,日本史
533,2010,津田塾大学,世界史
534,2010,津田塾大学,日本史
535,2010,獨協大学,世界史
536,2010,獨協大学,公民
537,2010,獨協大学,地理
538,2010,獨協大学,日本史
539,2010,甲南大学,世界史
540,2010,甲南大学,日本史
541,2010,神奈川大学,世界史
542,2010,神奈川大学,公民
543,2010,神奈川大学,地理
544,2010,神奈川大学,日本史
545,2010,神戸学院大学,世界史
546,2010,神戸学院大学,日本史
547,2010,福井大学,世界史
548,2010,福井大学,公民
549,2010,福岡大学,世界史
550,2010,福岡大学,公民
551,2010,福岡大学,地理
552,2010,福岡大学,日本史
553,2010,立命館大学,世界史
554,2010,立命館大学,公民
555,2010,立命館大学,地理
556,2010,立命館大学,日本史
557,2010,立教大学,世界史
558,2010,立教大学,日本史
559,2010,立正大学,世界史
560,2010,立正大学,地理
561,2010,立正大学,日本史
562,2010,筑波大学,地理
563,2010,西南学院大学,世界史
564,2010,西南学院大学,日本史
565,2010,近畿大学,公民
566,2010,近畿大学,地理
567,2010,近畿大学,日本史
568,2010,酪農学園大学,公民
569,2010,酪農学園大学,地理
570,2010,関西大学,世界史
571,2010,関西大学,公民
572,2010,関西大学,地理
573,2010,関西大学,日本史
574,2010,関西学院大学,世界史
575,2010,関西学院大学,地理
576,2010,防衛大学校,世界史
577,2010,防衛大学校,公民
578,2010,防衛大学校,地理
579,2010,防衛大学校,日本史
580,2010,駒澤大学,世界史
581,2010,駒澤大学,公民
582,2010,駒澤大学,地理
583,2010,駒澤大学,日本史
584,2010,高崎経済大学,世界史
585,2010,高崎経済大学,公民
586,2010,高崎経済大学,地理
587,2010,高崎経済大学,日本史
588,2010,麻布大学,公民
589,2010,麻布大学,地理
590,2010,麻布大学,日本史
591,2010,龍谷大学,世界史
592,2010,龍谷大学,公民
593,2010,龍谷大学,日本史
594,2011,センター試験,公民
595,2011,上智大学,世界史
596,2011,上智大学,日本史
597,2011,中京大学,世界史
598,2011,中京大学,日本史
599,2011,中央大学,世界史
600,2011,中央大学,公民
601,2011,中央大学,日本史
602,2011,京都大学,地理
603,2011,京都大学,日本史
604,2011,京都女子大学,世界史
605,2011,京都女子大学,日本史
606,2011,京都府立大学,世界史
607,2011,京都府立大学,日本史
608,2011,京都産業大学,世界史
609,2011,京都産業大学,日本史
610,2011,佛教大学,世界史
611,2011,佛教大学,日本史
612,2011,創価大学,世界史
613,2011,創価大学,日本史
614,2011,北海学園大学,世界史
615,2011,北海学園大学,地理
616,2011,北海学園大学,日本史
617,2011,北海道大学,世界史
618,2011,北海道大学,日本史
619,2011,南山大学,世界史
620,2011,南山大学,日本史
621,2011,同志社大学,世界史
622,2011,同志社大学,公民
623,2011,同志社大学,日本史
624,2011,名古屋大学,世界史
625,2011,名古屋大学,地理
626,2011,名城大学,世界史
627,2011,名城大学,日本史
628,2011,和歌山大学,世界史
629,2011,和歌山大学,地理
630,2011,和歌山大学,日本史
631,2011,国際基督教大学,公民
632,2011,國學院大学,世界史
633,2011,國學院大学,地理
634,2011,大東文化大学,日本史
635,2011,大阪大学,世界史
636,2011,学習院大学,世界史
637,2011,学習院大学,地理
638,2011,学習院大学,日本史
639,2011,専修大学,世界史
640,2011,専修大学,公民
641,2011,専修大学,地理
642,2011,専修大学,日本史
643,2011,帝京大学,地理
644,2011,帝京大学,日本史
645,2011,広島修道大学,公民
646,2011,広島修道大学,日本史
647,2011,愛知教育大学,日本史
648,2011,慶應義塾大学,世界史
649,2011,慶應義塾大学,日本史
650,2011,成城大学,世界史
651,2011,成城大学,公民
652,2011,成城大学,地理
653,2011,成城大学,日本史
654,2011,成蹊大学,世界史
655,2011,成蹊大学,日本史
656,2011,文教大学,公民
657,2011,文教大学,地理
658,2011,文教大学,日本史
659,2011,新潟大学,世界史
660,2011,日本大学,世界史
661,2011,日本大学,日本史
662,2011,日本女子大学,世界史
663,2011,日本女子大学,地理
664,2011,日本女子大学,日本史
665,2011,早稲田大学,世界史
666,2011,早稲田大学,公民
667,2011,早稲田大学,日本史
668,2011,明治大学,世界史
669,2011,明治大学,公民
670,2011,明治大学,地理
671,2011,明治大学,日本史
672,2011,昭和女子大学,日本史
673,2011,東京外国語大学,世界史
674,2011,東京大学,世界史
675,2011,東京大学,地理
676,2011,東京学芸大学,公民
677,2011,東京学芸大学,地理
678,2011,東京経済大学,世界史
679,2011,東京経済大学,日本史
680,2011,東北学院大学,世界史
681,2011,東北学院大学,公民
682,2011,東北学院大学,地理
683,2011,東北学院大学,日本史
684,2011,東洋大学,世界史
685,2011,東洋大学,地理
686,2011,東洋大学,日本史
687,2011,東海大学,世界史
688,2011,東海大学,地理
689,2011,東海大学,日本史
690,2011,武庫川女子大学,世界史
691,2011,武庫川女子大学,日本史
692,2011,武蔵大学,世界史
693,2011,武蔵大学,日本史
694,2011,法政大学,世界史
695,2011,法政大学,日本史
696,2011,獨協大学,世界史
697,2011,獨協大学,公民
698,2011,獨協大学,地理
699,2011,獨協大学,日本史
700,2011,甲南大学,世界史
701,2011,甲南大学,日本史
702,2011,神奈川大学,世界史
703,2011,神奈川大学,日本史
704,2011,神戸学院大学,世界史
705,2011,神戸学院大学,日本史
706,2011,福井大学,公民
707,2011,立命館大学,世界史
708,2011,立命館大学,公民
709,2011,立命館大学,地理
710,2011,立命館大学,日本史
711,2011,立教大学,世界史
712,2011,立正大学,日本史
713,2011,筑波大学,地理
714,2011,西南学院大学,世界史
715,2011,西南学院大学,日本史
716,2011,近畿大学,世界史
717,2011,近畿大学,地理
718,2011,近畿大学,日本史
719,2011,酪農学園大学,公民
720,2011,酪農学園大学,日本史
721,2011,関西大学,世界史
722,2011,関西大学,公民
723,2011,関西大学,地理
724,2011,関西大学,日本史
725,2011,関西学院大学,世界史
726,2011,関西学院大学,地理
727,2011,防衛大学校,世界史
728,2011,防衛大学校,地理
729,2011,防衛大学校,日本史
730,2011,青山学院大学,世界史
731,2011,青山学院大学,公民
732,2011,青山学院大学,地理
733,2011,青山学院大学,日本史
734,2011,駒澤大学,世界史
735,2011,駒澤大学,公民
736,2011,駒澤大学,地理
737,2011,駒澤大学,日本史
738,2011,高崎経済大学,世界史
739,2011,高崎経済大学,公民
740,2011,高崎経済大学,地理
741,2011,高崎経済大学,日本史
742,2011,龍谷大学,世界史
743,2011,龍谷大学,日本史
744,2012,センター試験,公民
745,2012,センター試験,地理
746,2012,センター試験,日本史
747,2012,一橋大学,世界史
748,2012,上智大学,世界史
749,2012,上智大学,日本史
750,2012,中央大学,世界史
751,2012,中央大学,公民
752,2012,中央大学,日本史
753,2012,京都大学,地理
754,2012,京都大学,日本史
755,2012,京都女子大学,世界史
756,2012,京都産業大学,世界史
757,2012,京都産業大学,日本史
758,2012,佛教大学,世界史
759,2012,佛教大学,公民
760,2012,佛教大学,日本史
761,2012,創価大学,世界史
762,2012,創価大学,日本史
763,2012,北海学園大学,地理
764,2012,北海学園大学,日本史
765,2012,北海道大学,世界史
766,2012,北海道大学,日本史
767,2012,千葉大学,日本史
768,2012,南山大学,世界史
769,2012,南山大学,日本史
770,2012,同志社大学,世界史
771,2012,同志社大学,公民
772,2012,同志社大学,日本史
773,2012,名古屋大学,世界史
774,2012,名古屋大学,日本史
775,2012,和歌山大学,世界史
776,2012,和歌山大学,地理
777,2012,和歌山大学,日本史
778,2012,國學院大学,世界史
779,2012,國學院大学,地理
780,2012,國學院大学,日本史
781,2012,学習院大学,世界史
782,2012,学習院大学,地理
783,2012,学習院大学,日本史
784,2012,専修大学,世界史
785,2012,専修大学,日本史
786,2012,広島修道大学,日本史
787,2012,愛知教育大学,世界史
788,2012,愛知教育大学,公民
789,2012,愛知教育大学,地理
790,2012,愛知教育大学,日本史
791,2012,慶應義塾大学,世界史
792,2012,慶應義塾大学,地理
793,2012,慶應義塾大学,日本史
794,2012,成城大学,世界史
795,2012,成城大学,地理
796,2012,成城大学,日本史
797,2012,成蹊大学,世界史
798,2012,成蹊大学,日本史
799,2012,文教大学,地理
800,2012,文教大学,日本史
801,2012,新潟大学,世界史
802,2012,日本女子大学,世界史
803,2012,日本女子大学,地理
804,2012,日本女子大学,日本史
805,2012,早稲田大学,世界史
806,2012,早稲田大学,公民
807,2012,早稲田大学,日本史
808,2012,明治大学,世界史
809,2012,明治大学,公民
810,2012,明治大学,地理
811,2012,明治大学,日本史
812,2012,昭和女子大学,世界史
813,2012,昭和女子大学,日本史
814,2012,東京大学,世界史
815,2012,東京大学,地理
816,2012,東京学芸大学,地理
817,2012,東京経済大学,地理
818,2012,東京経済大学,日本史
819,2012,東京農業大学,地理
820,2012,東北学院大学,地理
821,2012,東北学院大学,日本史
822,2012,東洋大学,世界史
823,2012,東洋大学,地理
824,2012,東洋大学,日本史
825,2012,武庫川女子大学,世界史
826,2012,武庫川女子大学,日本史
827,2012,武蔵大学,世界史
828,2012,武蔵大学,日本史
829,2012,法政大学,世界史
830,2012,法政大学,日本史
831,2012,獨協大学,世界史
832,2012,獨協大学,地理
833,2012,獨協大学,日本史
834,2012,甲南大学,世界史
835,2012,甲南大学,日本史
836,2012,神奈川大学,世界史
837,2012,神奈川大学,地理
838,2012,神奈川大学,日本史
839,2012,神戸学院大学,世界史
840,2012,神戸学院大学,日本史
841,2012,福井大学,世界史
842,2012,福井大学,日本史
843,2012,立命館大学,世界史
844,2012,立命館大学,公民
845,2012,立命館大学,地理
846,2012,立命館大学,日本史
847,2012,立教大学,世界史
848,2012,立正大学,地理
849,2012,立正大学,日本史
850,2012,筑波大学,地理
851,2012,西南学院大学,世界史
852,2012,西南学院大学,日本史
853,2012,近畿大学,世界史
854,2012,近畿大学,地理
855,2012,近畿大学,日本史
856,2012,酪農学園大学,地理
857,2012,酪農学園大学,日本史
858,2012,関西大学,世界史
859,2012,関西大学,公民
860,2012,関西大学,地理
861,2012,関西大学,日本史
862,2012,関西学院大学,世界史
863,2012,関西学院大学,地理
864,2012,青山学院大学,世界史
865,2012,青山学院大学,公民
866,2012,青山学院大学,地理
867,2012,青山学院大学,日本史
868,2012,駒澤大学,世界史
869,2012,駒澤大学,地理
870,2012,駒澤大学,日本史
871,2012,高崎経済大学,世界史
872,2012,高崎経済大学,地理
873,2012,高崎経済大学,日本史
874,2012,龍谷大学,世界史
875,2012,龍谷大学,日本史
876,2013,センター試験,公民
877,2013,センター試験,日本史
878,2013,上智大学,世界史
879,2013,上智大学,日本史
880,2013,中京大学,世界史
881,2013,中京大学,日本史
882,2013,中央大学,世界史
883,2013,中央大学,公民
884,2013,中央大学,日本史
885,2013,九州産業大学,地理
886,2013,京都大学,地理
887,2013,京都大学,日本史
888,2013,京都女子大学,世界史
889,2013,京都女子大学,日本史
890,2013,京都府立大学,世界史
891,2013,京都府立大学,日本史
892,2013,京都産業大学,世界史
893,2013,京都産業大学,日本史
894,2013,佛教大学,世界史
895,2013,佛教大学,公民
896,2013,佛教大学,日本史
897,2013,創価大学,世界史
898,2013,創価大学,日本史
899,2013,北海学園大学,地理
900,2013,北海学園大学,日本史
901,2013,北海道大学,世界史
902,2013,北海道大学,日本史
903,2013,南山大学,世界史
904,2013,南山大学,日本史
905,2013,同志社大学,世界史
906,2013,同志社大学,公民
907,2013,同志社大学,日本史
908,2013,名古屋大学,世界史
909,2013,名古屋大学,日本史
910,2013,名城大学,世界史
911,2013,名城大学,日本史
912,2013,和歌山大学,世界史
913,2013,和歌山大学,地理
914,2013,和歌山大学,日本史
915,2013,大東文化大学,公民
916,2013,大東文化大学,地理
917,2013,大東文化大学,日本史
918,2013,学習院大学,世界史
919,2013,学習院大学,地理
920,2013,学習院大学,日本史
921,2013,専修大学,世界史
922,2013,専修大学,日本史
923,2013,広島修道大学,日本史
924,2013,愛知教育大学,世界史
925,2013,愛知教育大学,日本史
926,2013,慶應義塾大学,世界史
927,2013,慶應義塾大学,地理
928,2013,慶應義塾大学,日本史
929,2013,成城大学,世界史
930,2013,成城大学,日本史
931,2013,成蹊大学,世界史
932,2013,成蹊大学,日本史
933,2013,新潟大学,世界史
934,2013,日本大学,世界史
935,2013,日本大学,日本史
936,2013,日本女子大学,世界史
937,2013,日本女子大学,日本史
938,2013,早稲田大学,世界史
939,2013,早稲田大学,公民
940,2013,早稲田大学,日本史
941,2013,明治大学,世界史
942,2013,明治大学,公民
943,2013,明治大学,地理
944,2013,明治大学,日本史
945,2013,昭和女子大学,世界史
946,2013,昭和女子大学,日本史
947,2013,東京外国語大学,世界史
948,2013,東京大学,世界史
949,2013,東京大学,地理
950,2013,東京経済大学,世界史
951,2013,東京経済大学,日本史
952,2013,東京農業大学,地理
953,2013,東京農業大学,日本史
954,2013,東北学院大学,地理
955,2013,東北学院大学,日本史
956,2013,東洋大学,世界史
957,2013,東洋大学,地理
958,2013,東洋大学,日本史
959,2013,東海大学,世界史
960,2013,東海大学,日本史
961,2013,武庫川女子大学,世界史
962,2013,武庫川女子大学,日本史
963,2013,武蔵大学,世界史
964,2013,武蔵大学,日本史
965,2013,法政大学,世界史
966,2013,法政大学,日本史
967,2013,獨協大学,世界史
968,2013,獨協大学,日本史
969,2013,甲南大学,世界史
970,2013,甲南大学,日本史
971,2013,神奈川大学,世界史
972,2013,神奈川大学,地理
973,2013,神奈川大学,日本史
974,2013,神戸学院大学,世界史
975,2013,神戸学院大学,日本史
976,2013,立命館大学,世界史
977,2013,立命館大学,公民
978,2013,立命館大学,地理
979,2013,立教大学,世界史
980,2013,立教大学,日本史
981,2013,筑波大学,地理
982,2013,西南学院大学,世界史
983,2013,西南学院大学,日本史
984,2013,近畿大学,地理
985,2013,近畿大学,日本史
986,2013,酪農学園大学,日本史
987,2013,関西大学,世界史
988,2013,関西大学,公民
989,2013,関西大学,地理
990,2013,関西大学,日本史
991,2013,関西学院大学,世界史
992,2013,関西学院大学,地理
993,2013,関西学院大学,日本史
994,2013,青山学院大学,世界史
995,2013,青山学院大学,公民
996,2013,青山学院大学,地理
997,2013,青山学院大学,日本史
998,2013,駒澤大学,世界史
999,2013,駒澤大学,日本史
1000,2013,高崎経済大学,世界史
1001,2013,高崎経済大学,地理
1002,2013,高崎経済大学,日本史
1003,2013,龍谷大学,世界史
1004,2013,龍谷大学,日本史
1005,2014,センター試験,公民
1006,2014,上智大学,世界史
1007,2014,中京大学,世界史
1008,2014,中央大学,世界史
1009,2014,中央大学,公民
1010,2014,九州産業大学,世界史
1011,2014,京都大学,地理
1012,2014,京都女子大学,世界史
1013,2014,京都女子大学,日本史
1014,2014,京都府立大学,世界史
1015,2014,京都産業大学,世界史
1016,2014,佛教大学,世界史
1017,2014,佛教大学,公民
1018,2014,創価大学,世界史
1019,2014,創価大学,日本史
1020,2014,北海学園大学,世界史
1021,2014,北海学園大学,日本史
1022,2014,北海道大学,世界史
1023,2014,千葉大学,世界史
1024,2014,南山大学,世界史
1025,2014,同志社大学,世界史
1026,2014,同志社大学,公民
1027,2014,名城大学,世界史
1028,2014,名城大学,公民
1029,2014,名城大学,地理
1030,2014,名城大学,日本史
1031,2014,和歌山大学,世界史
1032,2014,和歌山大学,地理
1033,2014,國學院大学,世界史
1034,2014,大東文化大学,世界史
1035,2014,大東文化大学,公民
1036,2014,大東文化大学,日本史
1037,2014,大阪大学,世界史
1038,2014,学習院大学,世界史
1039,2014,学習院大学,公民
1040,2014,学習院大学,地理
1041,2014,専修大学,世界史
1042,2014,帝京大学,世界史
1043,2014,帝京大学,公民
1044,2014,帝京大学,日本史
1045,2014,広島修道大学,世界史
1046,2014,広島修道大学,日本史
1047,2014,愛知教育大学,世界史
1048,2014,愛知教育大学,日本史
1049,2014,慶應義塾大学,世界史
1050,2014,慶應義塾大学,地理
1051,2014,成城大学,世界史
1052,2014,成蹊大学,世界史
1053,2014,新潟大学,世界史
1054,2014,日本大学,世界史
1055,2014,日本大学,日本史
1056,2014,日本女子大学,世界史
1057,2014,早稲田大学,世界史
1058,2014,早稲田大学,公民
1059,2014,明治学院大学,世界史
1060,2014,明治学院大学,公民
1061,2014,明治学院大学,地理
1062,2014,明治学院大学,日本史
1063,2014,昭和女子大学,世界史
1064,2014,東京外国語大学,世界史
1065,2014,東京大学,世界史
1066,2014,東京大学,地理
1067,2014,東京女子大学,世界史
1068,2014,東京学芸大学,世界史
1069,2014,東京経済大学,世界史
1070,2014,東京経済大学,公民
1071,2014,東京農業大学,世界史
1072,2014,東京農業大学,公民
1073,2014,東京農業大学,地理
1074,2014,東北学院大学,世界史
1075,2014,東北学院大学,日本史
1076,2014,東洋大学,世界史
1077,2014,東洋大学,日本史
1078,2014,東海大学,世界史
1079,2014,東海大学,日本史
1080,2014,武庫川女子大学,世界史
1081,2014,武庫川女子大学,日本史
1082,2014,武蔵大学,世界史
1083,2014,法政大学,世界史
1084,2014,法政大学,公民
1085,2014,法政大学,地理
1086,2014,津田塾大学,世界史
1087,2014,津田塾大学,日本史
1088,2014,獨協大学,世界史
1089,2014,獨協大学,公民
1090,2014,獨協大学,地理
1091,2014,甲南大学,世界史
1092,2014,神奈川大学,世界史
1093,2014,神奈川大学,日本史
1094,2014,神戸学院大学,世界史
1095,2014,神戸学院大学,日本史
1096,2014,福井大学,世界史
1097,2014,立命館大学,世界史
1098,2014,立命館大学,公民
1099,2014,立命館大学,地理
1100,2014,立教大学,世界史
1101,2014,筑波大学,地理
1102,2014,西南学院大学,世界史
1103,2014,近畿大学,日本史
1104,2014,酪農学園大学,公民
1105,2014,酪農学園大学,地理
1106,2014,関西大学,世界史
1107,2014,関西大学,公民
1108,2014,関西大学,地理
1109,2014,関西大学,日本史
1110,2014,関西学院大学,世界史
1111,2014,関西学院大学,地理
1112,2014,防衛大学校,世界史
1113,2014,防衛大学校,公民
1114,2014,防衛大学校,地理
1115,2014,青山学院大学,世界史
1116,2014,青山学院大学,地理
1117,2014,駒澤大学,世界史
1118,2014,駒澤大学,日本史
1119,2014,高崎経済大学,世界史
1120,2014,龍谷大学,世界史
1121,2015,センター試験,公民
1122,2015,センター試験,日本史
1123,2015,上智大学,世界史
1124,2015,上智大学,公民
1125,2015,上智大学,日本史
1126,2015,中京大学,公民
1127,2015,中京大学,日本史
1128,2015,中央大学,世界史
1129,2015,中央大学,公民
1130,2015,中央大学,地理
1131,2015,中央大学,日本史
1132,2015,九州大学,世界史
1133,2015,九州産業大学,公民
1134,2015,京都大学,地理
1135,2015,京都大学,日本史
1136,2015,京都女子大学,世界史
1137,2015,京都女子大学,日本史
1138,2015,京都府立大学,世界史
1139,2015,京都府立大学,日本史
1140,2015,京都産業大学,世界史
1141,2015,京都産業大学,公民
1142,2015,京都産業大学,日本史
1143,2015,佛教大学,世界史
1144,2015,佛教大学,公民
1145,2015,佛教大学,日本史
1146,2015,北海学園大学,公民
1147,2015,北海学園大学,地理
1148,2015,北海学園大学,日本史
1149,2015,北海道大学,世界史
1150,2015,北海道大学,日本史
1151,2015,千葉大学,世界史
1152,2015,南山大学,世界史
1153,2015,南山大学,日本史
1154,2015,同志社大学,世界史
1155,2015,同志社大学,公民
1156,2015,同志社大学,日本史
1157,2015,名古屋大学,世界史
1158,2015,名古屋大学,地理
1159,2015,名城大学,世界史
1160,2015,名城大学,公民
1161,2015,名城大学,地理
1162,2015,名城大学,日本史
1163,2015,和歌山大学,世界史
1164,2015,和歌山大学,地理
1165,2015,和歌山大学,日本史
1166,2015,國學院大学,世界史
1167,2015,國學院大学,公民
1168,2015,学習院大学,世界史
1169,2015,学習院大学,公民
1170,2015,学習院大学,地理
1171,2015,学習院大学,日本史
1172,2015,専修大学,世界史
1173,2015,専修大学,公民
1174,2015,帝京大学,公民
1175,2015,帝京大学,地理
1176,2015,帝京大学,日本史
1177,2015,広島修道大学,公民
1178,2015,広島修道大学,日本史
1179,2015,愛知大学,世界史
1180,2015,愛知大学,公民
1181,2015,愛知大学,地理
1182,2015,愛知教育大学,世界史
1183,2015,愛知教育大学,日本史
1184,2015,愛知淑徳大学,世界史
1185,2015,愛知淑徳大学,日本史
1186,2015,慶應義塾大学,世界史
1187,2015,慶應義塾大学,地理
1188,2015,慶應義塾大学,日本史
1189,2015,成城大学,世界史
1190,2015,成城大学,公民
1191,2015,成城大学,地理
1192,2015,成城大学,日本史
1193,2015,成蹊大学,世界史
1194,2015,成蹊大学,日本史
1195,2015,新潟大学,世界史
1196,2015,新潟大学,日本史
1197,2015,日本大学,世界史
1198,2015,日本大学,公民
1199,2015,日本大学,地理
1200,2015,日本大学,日本史
1201,2015,日本女子大学,世界史
1202,2015,日本女子大学,地理
1203,2015,日本女子大学,日本史
1204,2015,早稲田大学,世界史
1205,2015,早稲田大学,公民
1206,2015,早稲田大学,日本史
1207,2015,明治学院大学,世界史
1208,2015,明治学院大学,公民
1209,2015,明治学院大学,地理
1210,2015,明治学院大学,日本史
1211,2015,昭和女子大学,世界史
1212,2015,昭和女子大学,日本史
1213,2015,杏林大学,世界史
1214,2015,杏林大学,公民
1215,2015,杏林大学,地理
1216,2015,杏林大学,日本史
1217,2015,東京外国語大学,日本史
1218,2015,東京大学,世界史
1219,2015,東京大学,地理
1220,2015,東京女子大学,世界史
1221,2015,東京女子大学,日本史
1222,2015,東京学芸大学,世界史
1223,2015,東京学芸大学,公民
1224,2015,東京学芸大学,日本史
1225,2015,東京理科大学,世界史
1226,2015,東京理科大学,公民
1227,2015,東京理科大学,日本史
1228,2015,東京経済大学,世界史
1229,2015,東京経済大学,公民
1230,2015,東京経済大学,日本史
1231,2015,東京農業大学,世界史
1232,2015,東京農業大学,公民
1233,2015,東京農業大学,地理
1234,2015,東京都市大学,日本史
1235,2015,東北学院大学,公民
1236,2015,東北学院大学,日本史
1237,2015,東海大学,世界史
1238,2015,東海大学,公民
1239,2015,東海大学,日本史
1240,2015,武庫川女子大学,世界史
1241,2015,武庫川女子大学,日本史
1242,2015,武蔵大学,世界史
1243,2015,武蔵大学,公民
1244,2015,武蔵大学,日本史
1245,2015,法政大学,世界史
1246,2015,法政大学,公民
1247,2015,法政大学,地理
1248,2015,法政大学,日本史
1249,2015,津田塾大学,世界史
1250,2015,津田塾大学,日本史
1251,2015,獨協大学,世界史
1252,2015,獨協大学,公民
1253,2015,獨協大学,地理
1254,2015,獨協大学,日本史
1255,2015,甲南大学,世界史
1256,2015,甲南大学,日本史
1257,2015,神奈川大学,世界史
1258,2015,神奈川大学,公民
1259,2015,神奈川大学,地理
1260,2015,神戸学院大学,世界史
1261,2015,神戸学院大学,日本史
1262,2015,福井大学,公民
1263,2015,福岡大学,世界史
1264,2015,福岡大学,公民
1265,2015,福岡大学,地理
1266,2015,福岡大学,日本史
1267,2015,立命館大学,世界史
1268,2015,立命館大学,公民
1269,2015,立命館大学,地理
1270,2015,立命館大学,日本史
1271,2015,立教大学,世界史
1272,2015,立教大学,地理
1273,2015,立正大学,公民
1274,2015,立正大学,地理
1275,2015,立正大学,日本史
1276,2015,筑波大学,地理
1277,2015,西南学院大学,世界史
1278,2015,西南学院大学,公民
1279,2015,西南学院大学,地理
1280,2015,西南学院大学,日本史
1281,2015,近畿大学,世界史
1282,2015,近畿大学,公民
1283,2015,近畿大学,地理
1284,2015,近畿大学,日本史
1285,2015,酪農学園大学,公民
1286,2015,酪農学園大学,地理
1287,2015,酪農学園大学,日本史
1288,2015,関西大学,世界史
1289,2015,関西大学,公民
1290,2015,関西大学,地理
1291,2015,関西大学,日本史
1292,2015,関西学院大学,世界史
1293,2015,関西学院大学,地理
1294,2015,防衛大学校,世界史
1295,2015,防衛大学校,公民
1296,2015,防衛大学校,地理
1297,2015,防衛大学校,日本史
1298,2015,青山学院大学,世界史
1299,2015,青山学院大学,公民
1300,2015,青山学院大学,地理
1301,2015,青山学院大学,日本史
1302,2015,駒澤大学,世界史
1303,2015,駒澤大学,公民
1304,2015,駒澤大学,地理
1305,2015,駒澤大学,日本史
1306,2015,高崎経済大学,世界史
1307,2015,高崎経済大学,公民
1308,2015,高崎経済大学,地理
1309,2015,高崎経済大学,日本史
1310,2015,龍谷大学,公民
1311,2015,龍谷大学,日本史
1312,2016,センター試験,公民
1313,2016,センター試験,日本史
1314,2016,一橋大学,公民
1315,2016,上智大学,世界史
1316,2016,上智大学,公民
1317,2016,上智大学,日本史
1318,2016,中京大学,世界史
1319,2016,中京大学,公民
1320,2016,中京大学,日本史
1321,2016,中央大学,世界史
1322,2016,中央大学,公民
1323,2016,中央大学,日本史
1324,2016,九州大学,世界史
1325,2016,九州産業大学,公民
1326,2016,京都大学,日本史
1327,2016,京都女子大学,世界史
1328,2016,京都府立大学,世界史
1329,2016,京都府立大学,日本史
1330,2016,京都産業大学,世界史
1331,2016,京都産業大学,公民
1332,2016,京都産業大学,日本史
1333,2016,信州大学,世界史
1334,2016,信州大学,公民
1335,2016,信州大学,日本史
1336,2016,北海学園大学,公民
1337,2016,北海学園大学,日本史
1338,2016,北海道大学,世界史
1339,2016,北海道大学,日本史
1340,2016,南山大学,世界史
1341,2016,南山大学,日本史
1342,2016,同志社大学,世界史
1343,2016,同志社大学,公民
1344,2016,同志社大学,日本史
1345,2016,名古屋大学,日本史
1346,2016,名城大学,世界史
1347,2016,名城大学,日本史
1348,2016,和歌山大学,世界史
1349,2016,和歌山大学,日本史
1350,2016,國學院大学,公民
1351,2016,國學院大学,日本史
1352,2016,大東文化大学,公民
1353,2016,大東文化大学,日本史
1354,2016,大阪大学,世界史
1355,2016,学習院大学,世界史
1356,2016,学習院大学,公民
1357,2016,学習院大学,日本史
1358,2016,専修大学,世界史
1359,2016,専修大学,公民
1360,2016,広島修道大学,公民
1361,2016,広島修道大学,日本史
1362,2016,愛知大学,公民
1363,2016,愛知大学,日本史
1364,2016,愛知教育大学,世界史
1365,2016,愛知教育大学,日本史
1366,2016,愛知淑徳大学,世界史
1367,2016,愛知淑徳大学,日本史
1368,2016,慶應義塾大学,世界史
1369,2016,慶應義塾大学,日本史
1370,2016,成城大学,世界史
1371,2016,成城大学,公民
1372,2016,成城大学,日本史
1373,2016,成蹊大学,世界史
1374,2016,成蹊大学,公民
1375,2016,成蹊大学,日本史
1376,2016,日本大学,世界史
1377,2016,日本大学,公民
1378,2016,日本大学,日本史
1379,2016,日本女子大学,世界史
1380,2016,日本女子大学,日本史
1381,2016,早稲田大学,世界史
1382,2016,早稲田大学,公民
1383,2016,早稲田大学,日本史
1384,2016,明治学院大学,世界史
1385,2016,明治学院大学,公民
1386,2016,明治学院大学,日本史
1387,2016,昭和女子大学,世界史
1388,2016,昭和女子大学,日本史
1389,2016,杏林大学,世界史
1390,2016,杏林大学,公民
1391,2016,杏林大学,日本史
1392,2016,東京外国語大学,世界史
1393,2016,東京大学,世界史
1394,2016,東京女子大学,世界史
1395,2016,東京女子大学,日本史
1396,2016,東京学芸大学,世界史
1397,2016,東京学芸大学,公民
1398,2016,東京理科大学,世界史
1399,2016,東京理科大学,公民
1400,2016,東京理科大学,日本史
1401,2016,東京経済大学,世界史
1402,2016,東京経済大学,公民
1403,2016,東京経済大学,日本史
1404,2016,東京農業大学,公民
1405,2016,東京都市大学,日本史
1406,2016,東北学院大学,公民
1407,2016,東北学院大学,日本史
1408,2016,東洋大学,世界史
1409,2016,東洋大学,公民
1410,2016,東洋大学,日本史
1411,2016,武庫川女子大学,世界史
1412,2016,武庫川女子大学,日本史
1413,2016,武蔵大学,世界史
1414,2016,武蔵大学,公民
1415,2016,武蔵大学,日本史
1416,2016,法政大学,世界史
1417,2016,法政大学,公民
1418,2016,法政大学,日本史
1419,2016,津田塾大学,世界史
1420,2016,津田塾大学,日本史
1421,2016,獨協大学,世界史
1422,2016,獨協大学,公民
1423,2016,獨協大学,日本史
1424,2016,甲南大学,世界史
1425,2016,甲南大学,日本史
1426,2016,神奈川大学,世界史
1427,2016,神奈川大学,公民
1428,2016,神戸学院大学,世界史
1429,2016,神戸学院大学,日本史
1430,2016,福井大学,世界史
1431,2016,福井大学,公民
1432,2016,福井大学,日本史
1433,2016,立命館大学,世界史
1434,2016,立命館大学,公民
1435,2016,立命館大学,日本史
1436,2016,立教大学,世界史
1437,2016,立教大学,日本史
1438,2016,立正大学,公民
1439,2016,立正大学,日本史
1440,2016,西南学院大学,世界史
1441,2016,西南学院大学,公民
1442,2016,西南学院大学,日本史
1443,2016,近畿大学,公民
1444,2016,近畿大学,日本史
1445,2016,酪農学園大学,公民
1446,2016,関西大学,世界史
1447,2016,関西大学,公民
1448,2016,関西大学,日本史
1449,2016,関西学院大学,世界史
1450,2016,関西学院大学,日本史
1451,2016,青山学院大学,世界史
1452,2016,青山学院大学,公民
1453,2016,青山学院大学,日本史
1454,2016,駒澤大学,世界史
1455,2016,駒澤大学,公民
1456,2016,駒澤大学,日本史
1457,2016,高崎経済大学,世界史
1458,2016,高崎経済大学,公民
1459,2016,龍谷大学,公民
1460,2016,龍谷大学,日本史
1461,2017,センター試験,公民
1462,2017,センター試験,日本史
1463,2017,一橋大学,公民
1464,2017,上智大学,世界史
1465,2017,上智大学,地理
1466,2017,上智大学,日本史
1467,2017,中京大学,世界史
1468,2017,中京大学,公民
1469,2017,中京大学,日本史
1470,2017,中央大学,世界史
1471,2017,中央大学,公民
1472,2017,中央大学,地理
1473,2017,中央大学,日本史
1474,2017,九州大学,世界史
1475,2017,九州産業大学,公民
1476,2017,京都大学,地理
1477,2017,京都大学,日本史
1478,2017,京都府立大学,世界史
1479,2017,京都府立大学,日本史
1480,2017,京都産業大学,世界史
1481,2017,京都産業大学,公民
1482,2017,京都産業大学,日本史
1483,2017,佛教大学,世界史
1484,2017,佛教大学,日本史
1485,2017,信州大学,世界史
1486,2017,信州大学,公民
1487,2017,信州大学,地理
1488,2017,信州大学,日本史
1489,2017,創価大学,世界史
1490,2017,創価大学,公民
1491,2017,創価大学,日本史
1492,2017,北海学園大学,公民
1493,2017,北海学園大学,地理
1494,2017,北海学園大学,日本史
1495,2017,北海道大学,世界史
1496,2017,北海道大学,日本史
1497,2017,千葉大学,世界史
1498,2017,千葉大学,日本史
1499,2017,南山大学,世界史
1500,2017,南山大学,日本史
1501,2017,同志社大学,世界史
1502,2017,同志社大学,公民
1503,2017,同志社大学,日本史
1504,2017,名古屋大学,地理
1505,2017,名古屋大学,日本史
1506,2017,名城大学,世界史
1507,2017,名城大学,公民
1508,2017,名城大学,地理
1509,2017,名城大学,日本史
1510,2017,和歌山大学,世界史
1511,2017,和歌山大学,地理
1512,2017,和歌山大学,日本史
1513,2017,國學院大学,世界史
1514,2017,國學院大学,公民
1515,2017,國學院大学,日本史
1516,2017,大東文化大学,公民
1517,2017,大東文化大学,地理
1518,2017,大東文化大学,日本史
1519,2017,大阪大学,世界史
1520,2017,大阪大学,地理
1521,2017,学習院大学,世界史
1522,2017,学習院大学,公民
1523,2017,学習院大学,日本史
1524,2017,専修大学,世界史
1525,2017,専修大学,公民
1526,2017,専修大学,地理
1527,2017,広島修道大学,公民
1528,2017,広島修道大学,日本史
1529,2017,愛知教育大学,世界史
1530,2017,愛知教育大学,日本史
1531,2017,愛知淑徳大学,世界史
1532,2017,愛知淑徳大学,日本史
1533,2017,慶應義塾大学,世界史
1534,2017,慶應義塾大学,日本史
1535,2017,成城大学,世界史
1536,2017,成城大学,公民
1537,2017,成城大学,地理
1538,2017,成城大学,日本史
1539,2017,成蹊大学,世界史
1540,2017,成蹊大学,公民
1541,2017,成蹊大学,日本史
1542,2017,新潟大学,世界史
1543,2017,日本大学,公民
1544,2017,日本大学,地理
1545,2017,日本大学,日本史
1546,2017,日本女子大学,世界史
1547,2017,日本女子大学,日本史
1548,2017,早稲田大学,世界史
1549,2017,早稲田大学,公民
1550,2017,早稲田大学,日本史
1551,2017,明治学院大学,世界史
1552,2017,明治学院大学,公民
1553,2017,明治学院大学,地理
1554,2017,明治学院大学,日本史
1555,2017,昭和女子大学,世界史
1556,2017,昭和女子大学,日本史
1557,2017,杏林大学,世界史
1558,2017,杏林大学,公民
1559,2017,杏林大学,日本史
1560,2017,東京外国語大学,日本史
1561,2017,東京大学,世界史
1562,2017,東京大学,地理
1563,2017,東京女子大学,世界史
1564,2017,東京女子大学,日本史
1565,2017,東京学芸大学,世界史
1566,2017,東京学芸大学,公民
1567,2017,東京理科大学,世界史
1568,2017,東京理科大学,公民
1569,2017,東京理科大学,日本史
1570,2017,東京経済大学,世界史
1571,2017,東京経済大学,公民
1572,2017,東京経済大学,日本史
1573,2017,東京農業大学,公民
1574,2017,東京農業大学,地理
1575,2017,東京都市大学,日本史
1576,2017,東北学院大学,公民
1577,2017,東北学院大学,地理
1578,2017,東北学院大学,日本史
1579,2017,東洋大学,世界史
1580,2017,東洋大学,公民
1581,2017,東洋大学,地理
1582,2017,東洋大学,日本史
1583,2017,東海大学,世界史
1584,2017,東海大学,公民
1585,2017,東海大学,日本史
1586,2017,武庫川女子大学,世界史
1587,2017,武庫川女子大学,日本史
1588,2017,武蔵大学,世界史
1589,2017,武蔵大学,公民
1590,2017,武蔵大学,日本史
1591,2017,法政大学,世界史
1592,2017,法政大学,公民
1593,2017,法政大学,地理
1594,2017,津田塾大学,世界史
1595,2017,津田塾大学,日本史
1596,2017,獨協大学,世界史
1597,2017,獨協大学,公民
1598,2017,獨協大学,地理
1599,2017,獨協大学,日本史
1600,2017,甲南大学,世界史
1601,2017,甲南大学,日本史
1602,2017,神奈川大学,世界史
1603,2017,神奈川大学,公民
1604,2017,神奈川大学,日本史
1605,2017,神戸学院大学,世界史
1606,2017,神戸学院大学,日本史
1607,2017,福井大学,公民
1608,2017,福井大学,日本史
1609,2017,福岡大学,世界史
1610,2017,福岡大学,公民
1611,2017,福岡大学,地理
1612,2017,福岡大学,日本史
1613,2017,立命館大学,世界史
1614,2017,立命館大学,公民
1615,2017,立教大学,世界史
1616,2017,立教大学,公民
1617,2017,立教大学,地理
1618,2017,立教大学,日本史
1619,2017,立正大学,公民
1620,2017,立正大学,日本史
1621,2017,筑波大学,公民
1622,2017,筑波大学,地理
1623,2017,西南学院大学,世界史
1624,2017,西南学院大学,公民
1625,2017,西南学院大学,地理
1626,2017,西南学院大学,日本史
1627,2017,酪農学園大学,公民
1628,2017,酪農学園大学,地理
1629,2017,関西大学,世界史
1630,2017,関西大学,公民
1631,2017,関西大学,地理
1632,2017,関西大学,日本史
1633,2017,関西学院大学,世界史
1634,2017,関西学院大学,地理
1635,2017,関西学院大学,日本史
1636,2017,防衛大学校,公民
1637,2017,防衛大学校,地理
1638,2017,防衛大学校,日本史
1639,2017,青山学院大学,世界史
1640,2017,青山学院大学,公民
1641,2017,青山学院大学,日本史
1642,2017,駒澤大学,世界史
1643,2017,駒澤大学,公民
1644,2017,駒澤大学,地理
1645,2017,駒澤大学,日本史
1646,2017,高崎経済大学,世界史
1647,2017,高崎経済大学,公民
1648,2017,高崎経済大学,地理
1649,2017,高崎経済大学,日本史
1650,2017,龍谷大学,世界史
1651,2017,龍谷大学,公民
1652,2017,龍谷大学,日本史
1653,2018,センター試験,公民
1654,2018,センター試験,日本史
1655,2018,上智大学,世界史
1656,2018,上智大学,公民
1657,2018,上智大学,日本史
1658,2018,中京大学,世界史
1659,2018,中京大学,公民
1660,2018,中央大学,世界史
1661,2018,中央大学,公民
1662,2018,中央大学,日本史
1663,2018,九州大学,世界史
1664,2018,九州産業大学,公民
1665,2018,九州産業大学,地理
1666,2018,京都女子大学,日本史
1667,2018,京都府立大学,世界史
1668,2018,京都府立大学,日本史
1669,2018,京都産業大学,世界史
1670,2018,京都産業大学,公民
1671,2018,京都産業大学,日本史
1672,2018,佛教大学,世界史
1673,2018,佛教大学,公民
1674,2018,佛教大学,日本史
1675,2018,信州大学,世界史
1676,2018,信州大学,公民
1677,2018,信州大学,日本史
1678,2018,創価大学,世界史
1679,2018,創価大学,公民
1680,2018,創価大学,日本史
1681,2018,北海学園大学,公民
1682,2018,北海学園大学,地理
1683,2018,北海学園大学,日本史
1684,2018,北海道大学,世界史
1685,2018,北海道大学,日本史
1686,2018,千葉大学,世界史
1687,2018,千葉大学,日本史
1688,2018,南山大学,世界史
1689,2018,南山大学,日本史
1690,2018,同志社大学,世界史
1691,2018,同志社大学,公民
1692,2018,同志社大学,日本史
1693,2018,名古屋大学,日本史
1694,2018,名城大学,世界史
1695,2018,名城大学,公民
1696,2018,名城大学,日本史
1697,2018,和歌山大学,世界史
1698,2018,和歌山大学,日本史
1699,2018,國學院大学,世界史
1700,2018,國學院大学,公民
1701,2018,大東文化大学,公民
1702,2018,大東文化大学,地理
1703,2018,大東文化大学,日本史
1704,2018,大阪大学,世界史
1705,2018,学習院大学,世界史
1706,2018,学習院大学,公民
1707,2018,学習院大学,日本史
1708,2018,専修大学,世界史
1709,2018,専修大学,公民
1710,2018,専修大学,地理
1711,2018,帝京大学,公民
1712,2018,帝京大学,地理
1713,2018,帝京大学,日本史
1714,2018,広島修道大学,公民
1715,2018,広島修道大学,地理
1716,2018,広島修道大学,日本史
1717,2018,愛知淑徳大学,世界史
1718,2018,愛知淑徳大学,日本史
1719,2018,慶應義塾大学,世界史
1720,2018,慶應義塾大学,日本史
1721,2018,成城大学,世界史
1722,2018,成城大学,公民
1723,2018,成城大学,日本史
1724,2018,成蹊大学,世界史
1725,2018,成蹊大学,公民
1726,2018,成蹊大学,日本史
1727,2018,新潟大学,世界史
1728,2018,日本大学,世界史
1729,2018,日本大学,公民
1730,2018,日本大学,地理
1731,2018,日本大学,日本史
1732,2018,日本女子大学,世界史
1733,2018,日本女子大学,日本史
1734,2018,早稲田大学,世界史
1735,2018,早稲田大学,公民
1736,2018,早稲田大学,日本史
1737,2018,明治学院大学,世界史
1738,2018,明治学院大学,公民
1739,2018,明治学院大学,地理
1740,2018,明治学院大学,日本史
1741,2018,昭和女子大学,世界史
1742,2018,昭和女子大学,日本史
1743,2018,杏林大学,世界史
1744,2018,杏林大学,公民
1745,2018,杏林大学,日本史
1746,2018,東京外国語大学,日本史
1747,2018,東京大学,世界史
1748,2018,東京女子大学,世界史
1749,2018,東京女子大学,日本史
1750,2018,東京学芸大学,公民
1751,2018,東京理科大学,世界史
1752,2018,東京理科大学,公民
1753,2018,東京理科大学,日本史
1754,2018,東京経済大学,世界史
1755,2018,東京経済大学,公民
1756,2018,東京経済大学,日本史
1757,2018,東京農業大学,世界史
1758,2018,東京農業大学,公民
1759,2018,東京都市大学,日本史
1760,2018,東北学院大学,公民
1761,2018,東北学院大学,地理
1762,2018,東北学院大学,日本史
1763,2018,東洋大学,世界史
1764,2018,東洋大学,公民
1765,2018,東洋大学,地理
1766,2018,東洋大学,日本史
1767,2018,東海大学,世界史
1768,2018,東海大学,公民
1769,2018,東海大学,日本史
1770,2018,武庫川女子大学,世界史
1771,2018,武庫川女子大学,日本史
1772,2018,武蔵大学,世界史
1773,2018,武蔵大学,公民
1774,2018,武蔵大学,日本史
1775,2018,法政大学,世界史
1776,2018,法政大学,公民
1777,2018,法政大学,日本史
1778,2018,津田塾大学,世界史
1779,2018,津田塾大学,日本史
1780,2018,獨協大学,世界史
1781,2018,獨協大学,公民
1782,2018,獨協大学,日本史
1783,2018,甲南大学,世界史
1784,2018,甲南大学,日本史
1785,2018,神奈川大学,世界史
1786,2018,神奈川大学,公民
1787,2018,神奈川大学,地理
1788,2018,神奈川大学,日本史
1789,2018,福井大学,世界史
1790,2018,福井大学,公民
1791,2018,福井大学,日本史
1792,2018,立命館大学,世界史
1793,2018,立命館大学,公民
1794,2018,立命館大学,日本史
1795,2018,立教大学,世界史
1796,2018,立教大学,公民
1797,2018,立正大学,公民
1798,2018,立正大学,日本史
1799,2018,西南学院大学,世界史
1800,2018,西南学院大学,公民
1801,2018,西南学院大学,日本史
1802,2018,酪農学園大学,公民
1803,2018,関西大学,世界史
1804,2018,関西大学,公民
1805,2018,関西大学,地理
1806,2018,関西大学,日本史
1807,2018,関西学院大学,世界史
1808,2018,関西学院大学,日本史
1809,2018,防衛大学校,日本史
1810,2018,青山学院大学,世界史
1811,2018,青山学院大学,公民
1812,2018,青山学院大学,日本史
1813,2018,駒澤大学,世界史
1814,2018,駒澤大学,公民
1815,2018,駒澤大学,地理
1816,2018,駒澤大学,日本史
1817,2018,高崎経済大学,世界史
1818,2018,高崎経済大学,公民
1819,2018,高崎経済大学,地理
1820,2018,高崎経済大学,日本史
1821,2018,龍谷大学,世界史
1822,2018,龍谷大学,公民
1823,2018,龍谷大学,日本史
1824,2019,一橋大学,公民
1825,2019,上智大学,世界史
1826,2019,上智大学,公民
1827,2019,上智大学,地理
1828,2019,上智大学,日本史
1829,2019,中京大学,世界史
1830,2019,中京大学,公民
1831,2019,中京大学,日本史
1832,2019,中央大学,世界史
1833,2019,中央大学,公民
1834,2019,中央大学,地理
1835,2019,中央大学,日本史
1836,2019,久留米大学,公民
1837,2019,久留米大学,日本史
1838,2019,九州大学,世界史
1839,2019,九州産業大学,公民
1840,2019,九州産業大学,地理
1841,2019,京都大学,地理
1842,2019,京都大学,日本史
1843,2019,京都女子大学,世界史
1844,2019,京都女子大学,日本史
1845,2019,京都府立大学,世界史
1846,2019,京都府立大学,日本史
1847,2019,京都産業大学,世界史
1848,2019,京都産業大学,公民
1849,2019,京都産業大学,日本史
1850,2019,佛教大学,世界史
1851,2019,佛教大学,公民
1852,2019,佛教大学,日本史
1853,2019,信州大学,世界史
1854,2019,信州大学,地理
1855,2019,創価大学,世界史
1856,2019,創価大学,公民
1857,2019,創価大学,日本史
1858,2019,北海学園大学,公民
1859,2019,北海学園大学,地理
1860,2019,北海学園大学,日本史
1861,2019,北海道大学,世界史
1862,2019,北海道大学,日本史
1863,2019,千葉大学,世界史
1864,2019,南山大学,世界史
1865,2019,南山大学,日本史
1866,2019,同志社大学,世界史
1867,2019,同志社大学,公民
1868,2019,同志社大学,日本史
1869,2019,名城大学,世界史
1870,2019,名城大学,公民
1871,2019,名城大学,地理
1872,2019,名城大学,日本史
1873,2019,國學院大学,世界史
1874,2019,國學院大学,公民
1875,2019,國學院大学,地理
1876,2019,國學院大学,日本史
1877,2019,大東文化大学,公民
1878,2019,大東文化大学,地理
1879,2019,大東文化大学,日本史
1880,2019,学習院大学,世界史
1881,2019,学習院大学,公民
1882,2019,学習院大学,地理
1883,2019,学習院大学,日本史
1884,2019,専修大学,世界史
1885,2019,専修大学,公民
1886,2019,帝京大学,公民
1887,2019,帝京大学,地理
1888,2019,帝京大学,日本史
1889,2019,広島修道大学,公民
1890,2019,広島修道大学,日本史
1891,2019,愛知教育大学,日本史
1892,2019,慶應義塾大学,世界史
1893,2019,慶應義塾大学,地理
1894,2019,慶應義塾大学,日本史
1895,2019,成城大学,世界史
1896,2019,成城大学,公民
1897,2019,成城大学,地理
1898,2019,成城大学,日本史
1899,2019,成蹊大学,公民
1900,2019,成蹊大学,日本史
1901,2019,新潟大学,世界史
1902,2019,日本大学,公民
1903,2019,日本大学,日本史
1904,2019,日本女子大学,世界史
1905,2019,日本女子大学,日本史
1906,2019,早稲田大学,世界史
1907,2019,早稲田大学,公民
1908,2019,早稲田大学,日本史
1909,2019,明治学院大学,世界史
1910,2019,明治学院大学,公民
1911,2019,明治学院大学,地理
1912,2019,明治学院大学,日本史
1913,2019,昭和女子大学,世界史
1914,2019,昭和女子大学,日本史
1915,2019,杏林大学,世界史
1916,2019,杏林大学,公民
1917,2019,杏林大学,日本史
1918,2019,東京外国語大学,日本史
1919,2019,東京大学,世界史
1920,2019,東京大学,地理
1921,2019,東京女子大学,世界史
1922,2019,東京女子大学,日本史
1923,2019,東京学芸大学,公民
1924,2019,東京理科大学,世界史
1925,2019,東京理科大学,公民
1926,2019,東京理科大学,日本史
1927,2019,東京経済大学,世界史
1928,2019,東京経済大学,公民
1929,2019,東京経済大学,日本史
1930,2019,東京農業大学,世界史
1931,2019,東京農業大学,公民
1932,2019,東京農業大学,日本史
1933,2019,東京都市大学,世界史
1934,2019,東京都市大学,日本史
1935,2019,東北学院大学,公民
1936,2019,東北学院大学,地理
1937,2019,東北学院大学,日本史
1938,2019,東洋大学,世界史
1939,2019,東洋大学,公民
1940,2019,東洋大学,日本史
1941,2019,東海大学,世界史
1942,2019,東海大学,公民
1943,2019,東海大学,日本史
1944,2019,武庫川女子大学,世界史
1945,2019,武庫川女子大学,日本史
1946,2019,武蔵大学,世界史
1947,2019,武蔵大学,公民
1948,2019,武蔵大学,日本史
1949,2019,法政大学,世界史
1950,2019,法政大学,公民
1951,2019,法政大学,地理
1952,2019,法政大学,日本史
1953,2019,津田塾大学,世界史
1954,2019,津田塾大学,日本史
1955,2019,獨協大学,世界史
1956,2019,獨協大学,公民
1957,2019,獨協大学,日本史
1958,2019,甲南大学,世界史
1959,2019,甲南大学,日本史
1960,2019,神奈川大学,世界史
1961,2019,神奈川大学,公民
1962,2019,神奈川大学,地理
1963,2019,神奈川大学,日本史
1964,2019,神戸学院大学,世界史
1965,2019,神戸学院大学,日本史
1966,2019,福井大学,世界史
1967,2019,福井大学,公民
1968,2019,福井大学,地理
1969,2019,福井大学,日本史
1970,2019,福岡大学,世界史
1971,2019,福岡大学,公民
1972,2019,福岡大学,地理
1973,2019,福岡大学,日本史
1974,2019,立命館大学,世界史
1975,2019,立命館大学,公民
1976,2019,立命館大学,地理
1977,2019,立命館大学,日本史
1978,2019,立教大学,世界史
1979,2019,立教大学,公民
1980,2019,立教大学,地理
1981,2019,立正大学,公民
1982,2019,立正大学,日本史
1983,2019,筑波大学,地理
1984,2019,西南学院大学,世界史
1985,2019,西南学院大学,公民
1986,2019,西南学院大学,地理
1987,2019,関西大学,世界史
1988,2019,関西大学,公民
1989,2019,関西大学,地理
1990,2019,関西大学,日本史
1991,2019,関西学院大学,世界史
1992,2019,関西学院大学,地理
1993,2019,関西学院大学,日本史
1994,2019,防衛大学校,世界史
1995,2019,防衛大学校,日本史
1996,2019,青山学院大学,世界史
1997,2019,青山学院大学,公民
1998,2019,駒澤大学,世界史
1999,2019,駒澤大学,公民
2000,2019,駒澤大学,地理
2001,2019,駒澤大学,日本史
2002,2019,高崎経済大学,世界史
2003,2019,高崎経済大学,公民
2004,2019,高崎経済大学,地理
2005,2019,高崎経済大学,日本史
2006,2019,龍谷大学,世界史
2007,2019,龍谷大学,公民
2008,2019,龍谷大学,日本史
2009,2020,一橋大学,公民
2010,2020,上智大学,公民
2011,2020,上智大学,地理
2012,2020,上智大学,日本史
2013,2020,中央大学,公民
2014,2020,中央大学,日本史
2015,2020,京都大学,地理
2016,2020,京都大学,日本史
2017,2020,京都府立大学,日本史
2018,2020,信州大学,公民
2019,2020,北海学園大学,公民
2020,2020,北海学園大学,日本史
2021,2020,千葉大学,日本史
2022,2020,南山大学,日本史
2023,2020,同志社大学,公民
2024,2020,同志社大学,日本史
2025,2020,名古屋大学,地理
2026,2020,学習院大学,公民
2027,2020,学習院大学,地理
2028,2020,学習院大学,日本史
2029,2020,愛知教育大学,日本史
2030,2020,慶應義塾大学,日本史
2031,2020,成蹊大学,公民
2032,2020,成蹊大学,日本史
2033,2020,早稲田大学,公民
2034,2020,早稲田大学,地理
2035,2020,早稲田大学,日本史
2036,2020,東京大学,地理
2037,2020,東京学芸大学,公民
2038,2020,東京学芸大学,地理
2039,2020,東京学芸大学,日本史
2040,2020,東京理科大学,公民
2041,2020,東京理科大学,日本史
2042,2020,法政大学,公民
2043,2020,法政大学,地理
2044,2020,法政大学,日本史
2045,2020,獨協大学,公民
2046,2020,獨協大学,日本史
2047,2020,立命館大学,公民
2048,2020,立命館大学,地理
2049,2020,立教大学,公民
2050,2020,立教大学,地理
2051,2020,立教大学,日本史
2052,2020,関西大学,公民
2053,2020,関西大学,地理
2054,2020,関西大学,日本史
2055,2020,関西学院大学,地理
2056,2020,関西学院大学,日本史
2057,2020,青山学院大学,公民
2058,2020,青山学院大学,日本史
2059,2020,高崎経済大学,公民
2060,2020,高崎経済大学,地理
2061,2020,高崎経済大学,日本史
